variable,count,mean,std,min,25%,50%,75%,max,original
dummy1,1000.0,0.00013985456842151626,0.011239208864857726,-0.03052410276441,-0.00755620990790065,-6.156240204724384e-05,0.008056524889279175,0.050440546352739,-0.013690638768943
dummy2,1000.0,0.0003557235991984685,0.010372392434091765,-0.0300637181214327,-0.006713703860201125,0.0007843653158845,0.007428257155391125,0.0380674254005768,-0.0188728155650022
x1,1000.0,-0.0586652161083915,3.0299453622523282,-8.471132859958153,-2.023376503501253,-0.1270622845457911,1.8049042688119792,28.204040593052376,28.204040593052376
x2,1000.0,0.010758256665471805,8.066046990599842,-22.99419551182967,-5.6168143596812605,-0.21789769937268355,5.416009957021199,75.05222382797747,75.05222382797747
x3,1000.0,-0.03497982747076394,1.821299882962808,-6.068277492440073,-1.2041048613590746,-0.09282249904130065,1.1448476788346031,17.750087701901936,17.750087701901936
